City_ID,City,Lat,Lng,Max Temp,Humidity,Cloudiness,Wind Speed,Country,Date
0,ghat,24.9647,10.1728,27.17,18,0,1.32,LY,2024-10-25 18:58:54+00:00
1,port-aux-francais,-49.35,70.2167,2.25,67,48,10.32,TF,2024-10-25 18:53:09+00:00
2,olonkinbyen,70.9221,-8.7187,-1.56,64,100,8.59,SJ,2024-10-25 18:54:10+00:00
3,taoudenni,22.6783,-3.9836,29.2,22,0,3.79,ML,2024-10-25 19:00:03+00:00
4,kerikeri,-35.2268,173.9474,18.28,93,100,4.47,NZ,2024-10-25 19:00:04+00:00
5,avarua,-21.2078,-159.775,23.03,73,40,5.66,CK,2024-10-25 19:00:06+00:00
6,stanley,54.868,-1.6985,11.82,98,100,1.54,GB,2024-10-25 18:54:40+00:00
7,tsiombe,-25.3,45.4833,22.05,74,6,1.92,MG,2024-10-25 19:00:08+00:00
8,coquimbo,-29.9533,-71.3436,19.43,53,0,7.72,CL,2024-10-25 18:58:43+00:00
9,kizhinga,51.8462,109.9097,-5.07,55,2,1.15,RU,2024-10-25 19:00:10+00:00
10,misratah,32.3754,15.0925,22.69,55,100,6.08,LY,2024-10-25 19:00:11+00:00
11,laguna,38.421,-121.4238,21.79,41,0,2.57,US,2024-10-25 18:51:11+00:00
12,hawaiian paradise park,19.5933,-154.9731,24.93,95,100,2.57,US,2024-10-25 19:00:14+00:00
13,invercargill,-46.4,168.35,7.23,83,100,3.13,NZ,2024-10-25 18:50:42+00:00
14,nadym,65.5333,72.5167,-4.02,96,93,4.15,RU,2024-10-25 19:00:16+00:00
15,puerto natales,-51.7236,-72.4875,8.25,66,100,15.43,CL,2024-10-25 18:56:27+00:00
16,anzhero-sudzhensk,56.081,86.0285,7.29,78,95,7.07,RU,2024-10-25 19:00:18+00:00
17,gunnedah,-30.9833,150.25,8.53,85,100,2.45,AU,2024-10-25 19:00:19+00:00
18,pitimbu,-7.4706,-34.8086,26.73,63,50,5.08,BR,2024-10-25 19:00:21+00:00
19,ushuaia,-54.8,-68.3,4.81,81,75,16.98,AR,2024-10-25 18:57:11+00:00
20,nova sintra,14.8667,-24.7167,27.07,78,99,7.93,CV,2024-10-25 19:00:23+00:00
21,port elizabeth,-33.918,25.5701,16.16,95,75,6.69,ZA,2024-10-25 18:51:30+00:00
22,touros,-5.1989,-35.4608,26.72,64,100,6.51,BR,2024-10-25 19:00:25+00:00
23,qaqortoq,60.7167,-46.0333,-0.18,68,0,11.7,GL,2024-10-25 18:57:24+00:00
24,waddan,29.1614,16.139,21.23,38,3,5.09,LY,2024-10-25 19:00:29+00:00
25,galliano,29.4422,-90.2992,27.0,54,0,2.57,US,2024-10-25 19:00:30+00:00
26,palikir - national government center,6.9248,158.1611,28.66,66,97,2.31,FM,2024-10-25 19:00:31+00:00
27,bilibino,68.0546,166.4372,-17.42,92,100,1.3,RU,2024-10-25 18:53:24+00:00
28,haiku-pauwela,20.9219,-156.3051,24.57,84,75,3.58,US,2024-10-25 18:53:29+00:00
29,iqaluit,63.7506,-68.5145,-0.15,69,75,4.63,CA,2024-10-25 18:53:53+00:00
30,kakata,6.53,-10.3517,24.49,96,100,2.54,LR,2024-10-25 19:00:36+00:00
31,grytviken,-54.2811,-36.5092,1.55,100,100,3.22,GS,2024-10-25 18:53:43+00:00
32,marsa alam,25.0757,34.8918,24.03,56,0,5.04,EG,2024-10-25 19:00:38+00:00
33,dikhil,11.5,42.1667,26.56,66,9,4.95,DJ,2024-10-25 18:57:00+00:00
34,edinburgh of the seven seas,-37.0676,-12.3116,12.56,66,100,5.57,SH,2024-10-25 18:53:11+00:00
35,pisco,-13.7,-76.2167,20.03,77,20,4.12,PE,2024-10-25 19:00:41+00:00
36,uturoa,-16.7333,-151.4333,25.91,76,100,10.58,PF,2024-10-25 18:56:28+00:00
37,jinka,5.65,36.65,18.82,77,39,1.6,ET,2024-10-25 19:00:44+00:00
38,bethel,41.3712,-73.414,17.32,40,0,3.6,US,2024-10-25 18:49:46+00:00
39,auki,-8.7676,160.7034,24.25,90,18,1.33,SB,2024-10-25 19:00:46+00:00
40,udachny,66.4167,112.4,-20.24,100,99,1.63,RU,2024-10-25 19:00:47+00:00
41,youkounkoun,12.5333,-13.1333,28.53,72,11,1.22,GN,2024-10-25 19:00:48+00:00
42,waitangi,-43.9535,-176.5597,13.23,98,84,5.17,NZ,2024-10-25 18:54:34+00:00
43,wailua homesteads,22.0669,-159.378,25.44,87,0,3.09,US,2024-10-25 18:53:48+00:00
44,inhambane,-23.865,35.3833,23.8,91,0,2.46,MZ,2024-10-25 19:00:52+00:00
45,vadso,70.0744,29.7487,9.09,76,0,12.86,NO,2024-10-25 19:00:53+00:00
46,albany,42.6001,-73.9662,14.96,52,8,0.89,US,2024-10-25 18:53:39+00:00
47,tobelo,1.7284,128.0095,26.69,80,34,1.92,ID,2024-10-25 19:00:55+00:00
48,goundam,16.4145,-3.6708,33.83,16,100,4.58,ML,2024-10-25 19:00:57+00:00
49,yasuj,30.6682,51.588,10.75,50,0,0.0,IR,2024-10-25 19:00:58+00:00
50,dalnegorsk,44.5604,135.5701,3.38,78,100,2.79,RU,2024-10-25 19:01:00+00:00
51,papatowai,-46.5619,169.4708,6.48,74,100,4.72,NZ,2024-10-25 18:53:23+00:00
52,gao,16.6362,1.637,33.17,10,4,4.5,ML,2024-10-25 19:01:02+00:00
53,kodiak,57.79,-152.4072,6.73,93,100,5.14,US,2024-10-25 19:01:03+00:00
54,ca mau,9.1769,105.15,25.03,94,100,1.97,VN,2024-10-25 19:01:05+00:00
55,yellowknife,62.456,-114.3525,-1.44,82,20,3.6,CA,2024-10-25 18:53:13+00:00
56,bac kan,22.1333,105.8333,18.44,70,94,1.42,VN,2024-10-25 19:01:07+00:00
57,ilheus,-14.7889,-39.0494,28.9,70,40,5.14,BR,2024-10-25 19:01:08+00:00
58,kendari,-3.945,122.4989,23.62,94,100,1.33,ID,2024-10-25 19:01:09+00:00
59,labrador city,52.9463,-66.9114,5.66,44,40,29.95,CA,2024-10-25 19:01:10+00:00
60,anadyr,64.75,177.4833,-2.72,86,75,9.0,RU,2024-10-25 19:01:11+00:00
61,kill devil hills,36.0307,-75.676,19.43,51,0,2.57,US,2024-10-25 18:56:38+00:00
62,sakaraha,-22.9,44.5333,20.95,71,9,0.2,MG,2024-10-25 19:01:14+00:00
63,dolores,-36.3132,-57.6792,14.28,77,100,3.24,AR,2024-10-25 18:57:29+00:00
64,ilulissat,69.2167,-51.1,0.01,64,75,8.75,GL,2024-10-25 18:54:41+00:00
65,thompson,55.7435,-97.8558,1.09,69,40,5.66,CA,2024-10-25 19:01:17+00:00
66,lebu,-37.6167,-73.65,12.59,65,0,9.65,CL,2024-10-25 19:01:18+00:00
67,bafra,41.5678,35.9069,12.69,80,83,2.72,TR,2024-10-25 19:01:19+00:00
68,ystad,55.4297,13.8204,11.46,90,1,2.31,SE,2024-10-25 19:01:21+00:00
69,kitami,43.8031,143.8908,5.94,79,7,1.58,JP,2024-10-25 19:01:22+00:00
70,nemuro,43.3236,145.575,13.81,77,1,5.64,JP,2024-10-25 19:01:24+00:00
71,al ghayzah,16.2079,52.176,27.57,76,41,3.8,YE,2024-10-25 19:01:25+00:00
72,sisimiut,66.9395,-53.6735,-0.89,85,100,10.31,GL,2024-10-25 19:01:27+00:00
73,kavaratti,10.5669,72.642,27.75,82,43,2.4,IN,2024-10-25 19:01:29+00:00
74,puerto ayora,-0.7393,-90.3518,21.97,91,72,4.02,EC,2024-10-25 18:54:56+00:00
75,adamstown,-25.066,-130.1015,20.69,75,100,7.66,PN,2024-10-25 18:49:25+00:00
76,ponta delgada,37.7333,-25.6667,18.44,99,21,3.96,PT,2024-10-25 18:57:12+00:00
77,namibe,-15.1961,12.1522,19.79,82,77,2.23,AO,2024-10-25 19:01:33+00:00
78,atherton,53.5237,-2.4935,15.16,94,100,1.17,GB,2024-10-25 19:01:35+00:00
79,blackmans bay,-43.0167,147.3167,3.62,91,8,3.07,AU,2024-10-25 18:53:31+00:00
80,oamaru,-45.0784,170.9801,6.88,93,100,5.36,NZ,2024-10-25 19:01:37+00:00
81,antalaha,-14.9003,50.2788,22.43,90,12,2.84,MG,2024-10-25 19:01:39+00:00
82,catacocha,-4.0667,-79.6333,24.75,41,75,3.22,EC,2024-10-25 19:01:40+00:00
83,port mathurin,-19.6833,63.4167,23.49,89,100,9.22,MU,2024-10-25 18:48:55+00:00
84,liperi,62.5333,29.3667,7.26,100,100,3.09,FI,2024-10-25 19:01:43+00:00
85,lompoc,34.6391,-120.4579,26.19,38,7,2.53,US,2024-10-25 19:01:44+00:00
86,codrington,-38.2667,141.9667,3.8,89,13,4.32,AU,2024-10-25 19:01:46+00:00
87,margaret river,-33.95,115.0667,10.8,75,0,3.6,AU,2024-10-25 19:01:48+00:00
88,dudinka,69.4058,86.1778,-20.1,96,14,2.72,RU,2024-10-25 19:01:49+00:00
89,carnarvon,-24.8667,113.6333,18.82,72,0,11.33,AU,2024-10-25 19:01:51+00:00
90,loikaw,19.6742,97.2094,19.09,94,43,1.79,MM,2024-10-25 19:01:52+00:00
91,vorgashor,67.5833,63.95,-10.1,96,29,1.38,RU,2024-10-25 19:01:54+00:00
92,ialibu,-6.2821,143.9935,13.85,97,100,0.96,PG,2024-10-25 19:01:55+00:00
93,petropavlovsk-kamchatsky,53.0452,158.6483,0.33,60,0,3.0,RU,2024-10-25 19:01:56+00:00
94,akureyri,65.6835,-18.0878,6.96,57,75,4.12,IS,2024-10-25 19:01:57+00:00
95,salbris,47.4242,2.0512,12.84,99,99,1.24,FR,2024-10-25 19:01:58+00:00
96,hamilton,39.1834,-84.5333,23.95,53,0,5.14,US,2024-10-25 18:52:11+00:00
97,novobod,39.0108,70.1508,7.43,93,100,2.64,TJ,2024-10-25 19:02:01+00:00
98,klyuchi,52.2667,79.1667,7.38,69,100,3.07,RU,2024-10-25 18:49:49+00:00
99,sao joao da barra,-21.6403,-41.0511,28.05,86,93,10.08,BR,2024-10-25 18:57:40+00:00
100,cabo san lucas,22.8909,-109.9124,30.98,60,0,1.34,MX,2024-10-25 18:57:45+00:00
101,atafu village,-8.5421,-172.5159,28.23,78,23,7.82,TK,2024-10-25 18:51:05+00:00
102,talnakh,69.4865,88.3972,-17.89,88,4,1.06,RU,2024-10-25 18:54:26+00:00
103,tiksi,71.6872,128.8694,-21.65,100,82,1.71,RU,2024-10-25 18:54:19+00:00
104,midvagur,62.0511,-7.1939,8.46,76,100,10.29,FO,2024-10-25 19:02:09+00:00
105,jamestown,42.097,-79.2353,14.45,52,100,3.6,US,2024-10-25 18:54:17+00:00
106,mehran,33.1222,46.1646,17.75,23,31,2.37,IR,2024-10-25 19:02:12+00:00
107,howard springs,-12.497,131.047,26.95,88,100,1.36,AU,2024-10-25 19:02:13+00:00
108,ribeira grande,38.5167,-28.7,18.76,63,75,3.13,PT,2024-10-25 18:53:35+00:00
109,vilyuysk,63.7553,121.6247,-21.24,100,92,1.19,RU,2024-10-25 19:00:37+00:00
110,hastings,50.8552,0.5729,13.86,51,100,2.49,GB,2024-10-25 19:00:00+00:00
111,ertil',51.8406,40.8056,3.86,83,5,3.5,RU,2024-10-25 19:02:17+00:00
112,jieshou,33.2634,115.3611,13.27,87,3,2.93,CN,2024-10-25 19:02:19+00:00
113,acarau,-2.8856,-40.12,27.8,66,100,8.84,BR,2024-10-25 19:02:20+00:00
114,constantia,44.1833,28.65,6.38,54,0,1.32,RO,2024-10-25 19:02:21+00:00
115,georgetown,5.4112,100.3354,24.97,88,20,1.54,MY,2024-10-25 19:00:24+00:00
116,homer,59.6425,-151.5483,2.8,80,100,3.82,US,2024-10-25 19:02:23+00:00
117,bodo,67.28,14.405,7.1,87,75,10.8,NO,2024-10-25 19:02:24+00:00
118,santa ana de yacuma,-13.75,-65.4333,34.97,52,20,6.17,BO,2024-10-25 19:02:25+00:00
119,keflavik,64.0049,-22.5624,5.24,75,75,11.83,IS,2024-10-25 19:02:27+00:00
120,dien bien phu,21.3833,103.0167,21.53,95,30,1.33,VN,2024-10-25 19:02:28+00:00
121,arkhangel'sk,64.5401,40.5433,3.06,93,20,3.0,RU,2024-10-25 19:02:29+00:00
122,neiafu,-18.65,-173.9833,25.38,88,40,5.14,TO,2024-10-25 19:02:30+00:00
123,howrah,22.5892,88.3103,26.0,94,100,4.12,IN,2024-10-25 18:54:32+00:00
124,burao,9.5221,45.5336,24.62,62,66,3.74,SO,2024-10-25 19:02:32+00:00
125,tadine,-21.55,167.8833,23.48,86,76,1.51,NC,2024-10-25 19:02:33+00:00
126,aasiaat,68.7098,-52.8699,-3.18,73,90,3.72,GL,2024-10-25 19:02:35+00:00
127,aykhal,66.0,111.5,-14.65,95,100,2.39,RU,2024-10-25 19:02:36+00:00
128,avia terai,-26.6853,-60.7292,34.51,19,0,4.21,AR,2024-10-25 19:02:37+00:00
129,harper,4.375,-7.7169,25.48,88,51,3.91,LR,2024-10-25 19:02:38+00:00
130,wenchang,30.904,118.4887,17.23,94,100,2.98,CN,2024-10-25 19:02:39+00:00
131,noumea,-22.2763,166.4572,22.85,81,100,2.8,NC,2024-10-25 18:54:53+00:00
132,port saint john's,-31.6229,29.5448,18.68,71,100,5.26,ZA,2024-10-25 19:02:43+00:00
133,urjala,61.0833,23.5333,7.03,93,75,3.92,FI,2024-10-25 19:02:44+00:00
134,banda aceh,5.5577,95.3222,26.76,81,96,4.07,ID,2024-10-25 18:59:29+00:00
135,dogondoutchi,13.6393,4.0287,32.29,16,100,2.89,NE,2024-10-25 19:02:46+00:00
136,mount gambier,-37.8333,140.7667,3.76,78,75,2.28,AU,2024-10-25 19:02:47+00:00
137,santa cruz de la palma,28.6835,-17.7642,23.08,68,20,4.63,ES,2024-10-25 19:02:48+00:00
138,west island,-12.1568,96.8225,25.99,73,20,4.12,CC,2024-10-25 19:02:49+00:00
139,vallenar,-28.5708,-70.7581,25.88,19,0,4.84,CL,2024-10-25 18:54:33+00:00
140,calolziocorte,45.7954,9.4377,15.66,89,100,0.34,IT,2024-10-25 19:02:52+00:00
141,mar'yinka,47.9453,37.5054,8.04,78,3,4.01,UA,2024-10-25 19:02:53+00:00
142,puerto palomas,31.7667,-107.6167,27.28,14,5,6.05,MX,2024-10-25 19:02:54+00:00
143,majene,-3.5403,118.9707,25.29,87,48,1.19,ID,2024-10-25 19:02:56+00:00
144,ha'il,27.5219,41.6907,15.01,44,40,5.14,SA,2024-10-25 19:02:57+00:00
145,haverfordwest,51.8017,-4.9691,12.81,80,4,1.79,GB,2024-10-25 19:02:58+00:00
146,luau,-10.7073,22.2247,19.73,85,92,1.86,AO,2024-10-25 19:02:59+00:00
147,upington,-28.4478,21.2561,26.21,8,0,2.06,ZA,2024-10-25 19:03:01+00:00
148,lihue,21.9789,-159.3672,26.77,69,20,3.6,US,2024-10-25 19:03:03+00:00
149,laminusa,5.5549,120.9136,28.66,78,86,4.91,PH,2024-10-25 19:03:04+00:00
150,tolanaro,-25.0319,46.9987,23.04,88,75,1.03,MG,2024-10-25 19:03:05+00:00
151,harstad,68.799,16.5293,5.09,87,100,15.2,NO,2024-10-25 19:03:06+00:00
152,tan-tan,28.438,-11.1032,21.97,78,20,7.72,MA,2024-10-25 19:03:08+00:00
153,port alfred,-33.5906,26.891,16.21,85,39,1.79,ZA,2024-10-25 18:53:26+00:00
154,guiren,33.6697,118.1889,13.39,96,50,2.88,CN,2024-10-25 19:03:10+00:00
155,la sarre,48.8002,-79.1996,9.47,77,100,7.25,CA,2024-10-25 19:02:13+00:00
156,karratha,-20.7377,116.8463,28.77,36,4,4.75,AU,2024-10-25 19:03:12+00:00
157,steamboat springs,40.485,-106.8317,15.18,32,0,2.06,US,2024-10-25 19:01:05+00:00
158,broken hill,-31.95,141.4333,14.6,44,98,3.54,AU,2024-10-25 19:03:15+00:00
159,dakhla,23.6848,-15.958,20.4,85,85,8.32,EH,2024-10-25 19:03:16+00:00
160,lichinga,-13.3128,35.2406,23.05,40,0,3.6,MZ,2024-10-25 19:03:18+00:00
161,callao,-12.0667,-77.15,19.16,77,100,3.6,PE,2024-10-25 18:53:36+00:00
162,caraballeda,10.6112,-66.8522,32.04,70,40,2.57,VE,2024-10-25 19:03:20+00:00
163,susuman,62.7833,148.1667,-15.18,96,100,1.74,RU,2024-10-25 19:03:21+00:00
164,kirakira,-10.4544,161.9205,25.4,87,8,3.29,SB,2024-10-25 19:03:22+00:00
165,kindu,-2.95,25.95,23.34,87,100,3.15,CD,2024-10-25 19:03:23+00:00
166,fuerte olimpo,-21.0415,-57.8738,38.11,33,31,3.83,PY,2024-10-25 19:03:24+00:00
167,el granada,37.5027,-122.4694,21.77,53,40,2.06,US,2024-10-25 19:03:26+00:00
168,gadzhiyevo,69.2551,33.3362,7.68,81,100,10.44,RU,2024-10-25 19:03:27+00:00
169,afaahiti,-17.75,-149.2833,23.47,80,100,11.46,PF,2024-10-25 18:54:16+00:00
170,corner brook,48.9667,-57.9484,3.82,94,100,7.34,CA,2024-10-25 19:03:29+00:00
171,sorsk,54.0033,90.2467,5.41,73,99,7.08,RU,2024-10-25 19:03:30+00:00
172,tralee,52.2704,-9.7026,11.2,89,73,4.67,IE,2024-10-25 19:03:31+00:00
173,pangody,65.85,74.4859,-5.05,96,98,3.87,RU,2024-10-25 19:03:32+00:00
174,badger,64.8,-147.5333,-12.02,85,75,0.0,US,2024-10-25 18:54:18+00:00
175,marsh harbour,26.5412,-77.0636,25.83,68,4,5.97,BS,2024-10-25 19:03:24+00:00
176,laascaanood,8.4774,47.3597,26.92,60,98,5.59,SO,2024-10-25 19:03:36+00:00
177,castillos,-34.1667,-53.8333,16.45,93,100,2.36,UY,2024-10-25 19:03:37+00:00
178,masina,-4.3836,15.3914,25.01,82,36,0.79,CD,2024-10-25 19:03:38+00:00
179,saint-pierre,-21.3393,55.4781,23.82,78,100,2.57,RE,2024-10-25 19:03:40+00:00
180,hadibu,12.65,54.0333,27.24,80,87,2.7,YE,2024-10-25 18:57:19+00:00
181,portland,45.5234,-122.6762,16.75,49,75,6.69,US,2024-10-25 19:03:42+00:00
182,ylitornio,66.3089,23.6773,4.89,93,4,1.95,FI,2024-10-25 19:03:43+00:00
183,bathsheba,13.2167,-59.5167,31.34,66,20,7.72,BB,2024-10-25 19:03:44+00:00
184,markaz-e hukumat-e darweshan,31.1323,64.1934,25.03,25,2,2.87,AF,2024-10-25 19:03:46+00:00
185,zouerate,22.7187,-12.4521,29.91,17,76,3.9,MR,2024-10-25 19:03:47+00:00
186,hermanus,-34.4187,19.2345,15.45,83,0,4.7,ZA,2024-10-25 18:54:08+00:00
187,black river,18.0264,-77.8487,29.58,74,30,2.32,JM,2024-10-25 19:03:49+00:00
188,chonchi,-42.6128,-73.8092,12.75,49,93,3.37,CL,2024-10-25 18:57:20+00:00
189,altai,46.3722,96.2583,-1.52,54,0,0.46,MN,2024-10-25 19:03:51+00:00
190,trimbak,19.9333,73.55,19.07,63,95,2.22,IN,2024-10-25 19:03:53+00:00
191,dahab,28.501,34.5134,26.55,28,0,3.24,EG,2024-10-25 19:03:54+00:00
192,longyearbyen,78.2186,15.6401,2.91,75,75,2.06,SJ,2024-10-25 18:54:37+00:00
193,iquique,-20.2208,-70.1431,18.73,69,88,2.69,CL,2024-10-25 18:51:49+00:00
194,chapaev,50.2,51.1667,8.49,64,98,2.44,KZ,2024-10-25 19:03:57+00:00
195,santo antonio do sudoeste,-26.0736,-53.7253,29.55,28,0,1.92,BR,2024-10-25 19:03:58+00:00
196,isiolo,0.3546,37.5822,25.03,48,22,6.08,KE,2024-10-25 19:03:59+00:00
197,newman,37.3138,-121.0208,23.31,24,100,1.44,US,2024-10-25 19:04:01+00:00
198,usinsk,65.9939,57.5281,-1.71,86,16,3.07,RU,2024-10-25 19:04:02+00:00
199,murzuq,25.9155,13.9184,21.67,27,6,4.05,LY,2024-10-25 19:03:17+00:00
200,bredasdorp,-34.5322,20.0403,13.28,89,0,1.82,ZA,2024-10-25 19:04:04+00:00
201,pudasjarvi,65.3833,26.9167,6.62,91,100,3.87,FI,2024-10-25 19:04:05+00:00
202,buta,2.7858,24.73,23.27,95,100,1.03,CD,2024-10-25 19:04:08+00:00
203,whitehorse,60.7161,-135.0538,-4.99,92,75,2.24,CA,2024-10-25 19:01:12+00:00
204,ola,59.5833,151.2833,-5.1,92,97,2.11,RU,2024-10-25 19:04:10+00:00
205,tazacorte,28.629,-17.9293,22.54,89,20,4.63,ES,2024-10-25 19:04:11+00:00
206,egilsstadir,65.2653,-14.3948,8.95,71,75,7.2,IS,2024-10-25 19:04:14+00:00
207,mikomeseng,2.1361,10.6132,21.06,99,89,1.35,GQ,2024-10-25 19:04:15+00:00
208,praya,14.9215,-23.5087,29.3,54,0,5.14,CV,2024-10-25 19:04:16+00:00
209,tazovsky,67.4667,78.7,-11.75,96,43,3.47,RU,2024-10-25 18:54:47+00:00
210,ta`u,-14.2336,-169.5144,27.14,84,98,9.46,AS,2024-10-25 19:04:18+00:00
211,cherdyn',60.403,56.4787,1.88,94,100,2.05,RU,2024-10-25 19:04:19+00:00
212,assab,13.0092,42.7394,29.96,76,100,9.74,ER,2024-10-25 19:04:21+00:00
213,tabou,4.423,-7.3528,25.5,88,88,3.54,CI,2024-10-25 19:04:22+00:00
214,champerico,14.3,-91.9167,29.23,74,8,3.07,GT,2024-10-25 19:04:23+00:00
215,palangkaraya,-2.2,113.8333,23.45,99,92,1.0,ID,2024-10-25 19:04:24+00:00
216,kawm umbu,24.4767,32.9463,24.14,15,0,5.45,EG,2024-10-25 19:04:25+00:00
217,sokoni,-6.4333,39.55,26.05,88,10,5.71,TZ,2024-10-25 19:04:26+00:00
218,oranjemund,-28.55,16.4333,13.85,88,72,7.49,NA,2024-10-25 19:04:28+00:00
219,belyy yar,53.6039,91.3903,7.94,71,0,8.0,RU,2024-10-25 19:04:29+00:00
220,hukeri,16.2333,74.6,21.11,66,48,1.73,IN,2024-10-25 19:04:30+00:00
221,vilyuchinsk,52.9306,158.4028,1.15,78,9,4.54,RU,2024-10-25 19:04:31+00:00
222,zhalantun,48.0,122.7167,0.53,58,100,1.63,CN,2024-10-25 19:04:32+00:00
223,ad dilam,23.9915,47.1627,21.19,37,0,5.36,SA,2024-10-25 19:04:15+00:00
224,mata-utu,-13.2816,-176.1745,27.66,81,44,8.73,WF,2024-10-25 19:04:34+00:00
225,kalmunai,7.4167,81.8167,26.04,85,100,2.28,LK,2024-10-25 19:04:35+00:00
226,tyup,42.7276,78.3648,7.56,36,100,1.12,KG,2024-10-25 19:04:37+00:00
227,peskovka,59.0448,52.3606,1.64,91,96,2.49,RU,2024-10-25 19:04:38+00:00
228,vila velha,-20.3297,-40.2925,29.97,76,20,8.75,BR,2024-10-25 19:00:49+00:00
229,pama,11.2497,0.7075,28.36,51,100,1.86,BF,2024-10-25 19:04:40+00:00
230,hasaki,35.7333,140.8333,21.23,68,100,6.32,JP,2024-10-25 19:04:41+00:00
231,bumba,2.1833,22.4667,22.55,97,100,1.44,CD,2024-10-25 19:04:42+00:00
232,manaure,11.7751,-72.4445,32.86,56,6,10.33,CO,2024-10-25 19:04:43+00:00
233,the pas,53.8251,-101.2541,5.01,65,0,3.6,CA,2024-10-25 19:04:45+00:00
234,nola,40.922,14.5329,21.2,95,20,1.06,IT,2024-10-25 19:01:48+00:00
235,tateyama,34.9833,139.8667,20.19,81,100,5.52,JP,2024-10-25 19:04:47+00:00
236,utrik,11.2278,169.8474,27.26,81,100,6.91,MH,2024-10-25 18:57:31+00:00
237,serhetabat,35.2799,62.3438,8.02,79,100,1.93,TM,2024-10-25 19:04:49+00:00
238,ochakiv,46.6128,31.5498,11.6,69,39,4.12,UA,2024-10-25 19:04:50+00:00
239,puerto deseado,-47.7503,-65.8938,15.56,30,100,9.12,AR,2024-10-25 19:04:51+00:00
240,qamdo,31.1667,97.2333,2.81,97,100,3.77,CN,2024-10-25 19:04:53+00:00
241,cururupu,-1.8283,-44.8683,29.86,59,100,2.7,BR,2024-10-25 19:04:54+00:00
242,selfoss,63.9331,-20.9971,2.8,70,84,10.07,IS,2024-10-25 19:04:55+00:00
243,waingapu,-9.6567,120.2641,25.9,77,4,2.38,ID,2024-10-25 19:04:56+00:00
244,calipatria,33.1256,-115.5142,32.14,28,0,0.35,US,2024-10-25 19:04:57+00:00
245,college,64.8569,-147.8028,-11.03,85,40,0.0,US,2024-10-25 19:04:58+00:00
246,luganville,-15.5333,167.1667,25.66,86,78,1.32,VU,2024-10-25 19:04:59+00:00
247,fale old settlement,-9.3852,-171.2468,28.51,78,16,9.12,TK,2024-10-25 19:05:01+00:00
248,cambria,35.5641,-121.0808,20.27,50,100,1.84,US,2024-10-25 19:05:02+00:00
249,fort bragg,35.139,-79.006,26.62,35,0,3.09,US,2024-10-25 19:05:03+00:00
250,shiguai,40.7058,110.2856,9.14,70,100,1.79,CN,2024-10-25 19:05:04+00:00
251,isafjordur,66.0755,-23.124,4.02,70,75,5.66,IS,2024-10-25 19:05:05+00:00
252,sahab,31.8721,36.005,15.06,25,2,3.09,JO,2024-10-25 19:05:06+00:00
253,kenai,60.5544,-151.2583,1.75,58,100,7.2,US,2024-10-25 19:05:08+00:00
254,enewetak,11.3474,162.3373,26.21,92,100,11.15,MH,2024-10-25 19:05:09+00:00
255,kone,-21.0595,164.8658,21.52,91,100,0.07,NC,2024-10-25 19:05:10+00:00
256,plettenberg bay,-34.0527,23.3716,13.99,78,0,2.12,ZA,2024-10-25 19:05:11+00:00
257,chernyshevskiy,63.0128,112.4714,-11.61,98,100,1.11,RU,2024-10-25 19:05:12+00:00
258,blitar,-8.0983,112.1681,23.05,94,93,2.0,ID,2024-10-25 19:05:13+00:00
259,lata,40.1629,-8.3327,8.63,87,8,0.75,PT,2024-10-25 19:05:15+00:00
260,vernon,50.2581,-119.2691,5.25,70,100,1.03,CA,2024-10-25 19:00:57+00:00
261,tual,-5.6667,132.75,27.95,77,58,6.93,ID,2024-10-25 19:05:17+00:00
262,nuuk,64.1835,-51.7216,-0.66,80,75,3.09,GL,2024-10-25 19:05:18+00:00
263,yeppoon,-23.1333,150.7333,21.91,81,5,4.11,AU,2024-10-25 19:05:19+00:00
264,basco,20.4487,121.9702,28.51,85,100,8.69,PH,2024-10-25 19:05:20+00:00
265,kirensk,57.7853,108.1119,0.24,93,100,4.07,RU,2024-10-25 19:05:21+00:00
266,hithadhoo,-0.6,73.0833,27.82,70,4,3.13,MV,2024-10-25 19:05:23+00:00
267,bilokurakyne,49.5341,38.7307,5.99,74,9,3.12,UA,2024-10-25 19:05:24+00:00
268,wajir,1.7471,40.0573,30.98,33,0,1.54,KE,2024-10-25 19:05:25+00:00
269,nema,57.5067,50.5011,4.29,86,100,4.26,RU,2024-10-25 19:05:26+00:00
270,fisterra,42.9049,-9.2629,14.78,65,88,7.2,ES,2024-10-25 19:05:28+00:00
271,bay roberts,47.5999,-53.2648,18.97,98,100,2.68,CA,2024-10-25 19:02:29+00:00
272,villa gesell,-37.2639,-56.973,12.92,70,100,4.18,AR,2024-10-25 19:05:30+00:00
273,san ignacio de velasco,-16.3667,-60.95,32.77,42,95,3.59,BO,2024-10-25 19:05:31+00:00
274,mount isa,-20.7333,139.5,21.87,11,0,4.63,AU,2024-10-25 19:05:33+00:00
275,ust-nera,64.5667,143.2,-13.33,97,100,2.98,RU,2024-10-25 19:05:34+00:00
276,muang khong,14.1167,105.85,19.31,75,100,1.37,LA,2024-10-25 19:05:35+00:00
277,kapa'a,22.0752,-159.319,27.18,85,20,3.6,US,2024-10-25 19:05:36+00:00
278,kolonia,50.9333,6.95,16.13,85,0,2.57,DE,2024-10-25 19:02:40+00:00
279,suva,-18.1416,178.4415,24.71,100,75,1.03,FJ,2024-10-25 19:05:39+00:00
280,east london,-33.0153,27.9116,15.52,67,0,5.14,ZA,2024-10-25 19:05:40+00:00
281,shadrinsk,56.0852,63.6335,5.49,82,100,1.23,RU,2024-10-25 19:05:41+00:00
282,bemidji,47.4736,-94.8803,11.77,40,0,10.29,US,2024-10-25 19:05:31+00:00
283,tommot,58.9564,126.2925,-6.92,92,100,3.95,RU,2024-10-25 19:05:43+00:00
284,vila do maio,15.1333,-23.2167,26.96,77,20,5.03,CV,2024-10-25 19:05:46+00:00
285,manokwari,-0.8667,134.0833,26.12,78,100,1.43,ID,2024-10-25 19:05:48+00:00
286,chadron,42.8294,-102.9999,17.82,36,0,8.23,US,2024-10-25 19:04:06+00:00
287,magomeni,-6.8,39.25,26.21,83,20,3.09,TZ,2024-10-25 19:05:50+00:00
288,fort st. john,56.2499,-120.8529,1.94,60,75,5.14,CA,2024-10-25 19:01:04+00:00
289,princeville,45.7668,-61.2985,10.36,91,100,7.72,CA,2024-10-25 19:05:53+00:00
290,kakinada,16.9333,82.2167,24.39,85,74,2.29,IN,2024-10-25 19:05:54+00:00
291,mhamid,29.82,-5.72,26.0,23,12,0.36,MA,2024-10-25 19:05:55+00:00
292,barela,23.1,80.05,21.14,80,61,1.43,IN,2024-10-25 19:05:56+00:00
293,labasa,-16.4167,179.3833,25.95,84,46,3.97,FJ,2024-10-25 19:05:57+00:00
294,sakata,38.9167,139.855,13.27,78,100,1.88,JP,2024-10-25 19:05:58+00:00
295,cockburn town,21.4612,-71.1419,26.98,94,75,5.14,TC,2024-10-25 19:01:24+00:00
296,mandalgovi,45.7625,106.2708,2.02,72,100,2.76,MN,2024-10-25 19:06:01+00:00
297,aswan,24.0934,32.907,27.61,12,0,3.6,EG,2024-10-25 19:06:02+00:00
298,balqash,46.8481,74.995,9.39,66,100,4.4,KZ,2024-10-25 19:06:03+00:00
299,mitu,1.1983,-70.1733,30.76,59,100,1.29,CO,2024-10-25 19:06:04+00:00
300,saipan,15.1355,145.701,28.39,78,100,5.14,MP,2024-10-25 19:06:05+00:00
301,mangrol,21.1167,70.1167,28.16,59,4,2.59,IN,2024-10-25 19:06:06+00:00
302,porto novo,6.4965,2.6036,27.9,88,100,2.23,BJ,2024-10-25 19:06:08+00:00
303,vel'sk,61.0701,42.0983,1.34,92,17,1.73,RU,2024-10-25 19:06:10+00:00
304,jayapura,-2.5333,140.7,24.66,92,98,1.87,ID,2024-10-25 19:06:11+00:00
305,quellon,-43.1167,-73.6167,11.79,57,99,4.84,CL,2024-10-25 19:02:12+00:00
306,piti village,13.4626,144.6933,27.49,90,20,4.63,GU,2024-10-25 19:06:13+00:00
307,aur,8.1499,171.1687,27.91,75,55,3.06,MH,2024-10-25 19:06:14+00:00
308,obo,5.3998,26.4869,21.73,94,100,1.4,CF,2024-10-25 19:06:16+00:00
309,illizi,26.4833,8.4667,26.01,33,100,3.02,DZ,2024-10-25 19:06:17+00:00
310,anchorage,61.2181,-149.9003,0.35,64,100,5.66,US,2024-10-25 19:06:18+00:00
311,effium,6.6292,8.0593,25.15,88,100,2.24,NG,2024-10-25 19:02:40+00:00
312,punta arenas,-53.15,-70.9167,10.06,57,40,15.95,CL,2024-10-25 19:04:32+00:00
313,northam,51.0333,-4.2167,10.9,85,0,4.75,GB,2024-10-25 19:06:22+00:00
314,buri ram,14.9943,103.1039,24.74,83,89,1.21,TH,2024-10-25 19:06:24+00:00
315,rapar,23.5667,70.6333,29.66,29,5,0.34,IN,2024-10-25 19:06:25+00:00
316,khamharia,20.9833,82.2667,20.64,93,3,1.92,IN,2024-10-25 19:06:27+00:00
317,nosy varika,-20.5833,48.5333,22.63,87,68,3.11,MG,2024-10-25 19:06:28+00:00
318,salinas,36.6777,-121.6555,23.22,42,0,2.57,US,2024-10-25 19:05:02+00:00
319,vera cruz,-12.6333,-41.0333,31.05,39,100,3.38,BR,2024-10-25 19:06:31+00:00
320,kiunga,-6.1219,141.2906,22.25,91,98,1.02,PG,2024-10-25 19:06:32+00:00
321,pasighat,28.0667,95.3333,20.08,96,100,0.96,IN,2024-10-25 19:06:34+00:00
322,ouallam,14.3188,2.0866,33.18,12,98,4.54,NE,2024-10-25 19:06:35+00:00
323,matoury,4.8483,-52.3317,24.98,94,75,2.57,GF,2024-10-25 19:06:36+00:00
324,santo antonio,-6.3106,-35.4789,28.79,46,100,7.22,BR,2024-10-25 19:06:37+00:00
325,sinabang,2.4803,96.3801,25.98,81,90,1.37,ID,2024-10-25 19:06:38+00:00
326,chehalis,46.662,-122.964,12.17,81,0,1.54,US,2024-10-25 19:06:40+00:00
327,horsham,51.064,-0.3272,12.67,84,0,1.03,GB,2024-10-25 19:05:15+00:00
328,ancud,-41.8697,-73.8203,12.0,57,85,6.36,CL,2024-10-25 19:06:43+00:00
329,san juan del sur,11.2529,-85.8705,29.3,74,73,7.74,NI,2024-10-25 19:06:44+00:00
330,oltinko'l,40.8011,72.1634,15.99,44,100,0.97,UZ,2024-10-25 19:06:45+00:00
331,salinopolis,-0.6136,-47.3561,28.16,69,4,6.71,BR,2024-10-25 19:05:22+00:00
332,zemio,5.0314,25.1361,21.82,95,83,1.22,CF,2024-10-25 19:06:48+00:00
333,cabedelo,-6.9811,-34.8339,29.37,67,61,4.98,BR,2024-10-25 19:06:50+00:00
334,al kharj,24.155,47.3346,22.32,38,0,4.87,SA,2024-10-25 19:06:51+00:00
335,senillosa,-39.0,-68.4167,21.51,14,0,8.01,AR,2024-10-25 19:06:52+00:00
336,borgarnes,64.5383,-21.9206,3.69,72,100,10.22,IS,2024-10-25 19:06:53+00:00
337,rampachodavaram,17.45,81.7667,22.34,93,86,1.95,IN,2024-10-25 19:06:54+00:00
338,kyelang,32.5833,77.0333,0.99,34,0,2.97,IN,2024-10-25 19:06:55+00:00
339,caleta de carquin,-11.0925,-77.6267,20.65,74,17,4.82,PE,2024-10-25 19:06:56+00:00
340,santa ana,33.7456,-117.8678,26.67,60,20,3.09,US,2024-10-25 19:06:58+00:00
341,tiznit,29.5833,-9.5,17.94,75,39,2.4,MA,2024-10-25 19:06:59+00:00
342,berdigestyakh,62.0989,126.6992,-14.4,95,99,3.7,RU,2024-10-25 19:07:00+00:00
343,puerto colombia,10.9878,-74.9547,32.05,74,23,3.1,CO,2024-10-25 19:07:02+00:00
344,walvis bay,-22.9575,14.5053,13.69,87,1,3.88,NA,2024-10-25 19:07:03+00:00
345,opuwo,-18.0607,13.84,24.04,29,5,3.51,NA,2024-10-25 19:07:04+00:00
346,penalva,-3.2942,-45.1736,34.73,41,47,2.14,BR,2024-10-25 19:07:05+00:00
347,kailua-kona,19.6406,-155.9956,28.09,74,0,0.45,US,2024-10-25 19:07:06+00:00
348,olyokminsk,60.3736,120.4264,-11.14,98,82,1.13,RU,2024-10-25 19:07:07+00:00
349,saint-francois,46.4154,3.9054,16.69,83,100,3.09,FR,2024-10-25 19:07:08+00:00
350,kayangel,8.0823,134.7173,28.33,75,81,11.19,PW,2024-10-25 19:07:10+00:00
351,kyadabek,40.5656,45.8161,4.65,87,95,0.09,AZ,2024-10-25 19:07:11+00:00
352,haapajarvi,63.75,25.3333,7.96,78,100,3.9,FI,2024-10-25 19:07:12+00:00
353,saudarkrokur,65.7461,-19.6394,1.78,88,34,6.89,IS,2024-10-25 19:06:39+00:00
354,deschutes river woods,43.9915,-121.3584,11.28,79,0,2.57,US,2024-10-25 19:07:14+00:00
355,luoyang,34.6836,112.4536,13.12,62,2,1.36,CN,2024-10-25 19:07:15+00:00
356,malango,-2.9627,119.9001,17.85,97,77,1.25,ID,2024-10-25 19:07:16+00:00
357,yuzhno-kurilsk,44.0306,145.8556,11.17,87,0,3.62,RU,2024-10-25 19:07:18+00:00
358,el colomo,19.05,-104.25,29.69,67,1,3.22,MX,2024-10-25 19:07:19+00:00
359,middelburg,-25.7751,29.4648,23.71,35,0,4.3,ZA,2024-10-25 19:07:20+00:00
360,coos bay,43.3665,-124.2179,17.91,55,0,3.09,US,2024-10-25 19:07:21+00:00
361,polyarnyy,69.1989,33.4478,7.73,80,100,9.87,RU,2024-10-25 19:07:22+00:00
362,pajok,3.8651,32.4821,22.08,77,66,1.72,SS,2024-10-25 19:07:23+00:00
363,rumbek,6.802,29.6912,24.9,84,100,1.61,SS,2024-10-25 19:07:25+00:00
364,nguigmi,14.2495,13.1092,29.35,18,53,5.02,NE,2024-10-25 19:07:26+00:00
365,port alberni,49.2413,-124.8028,7.74,92,100,0.89,CA,2024-10-25 19:07:27+00:00
366,el haouaria,37.05,11.0144,21.86,76,100,7.53,TN,2024-10-25 19:07:29+00:00
367,remire-montjoly,4.9167,-52.2667,25.02,94,75,2.57,GF,2024-10-25 19:07:30+00:00
368,i-n-salah,27.1935,2.4607,26.85,25,0,2.36,DZ,2024-10-25 19:07:31+00:00
369,nizhneudinsk,54.9076,99.0276,2.13,82,100,1.5,RU,2024-10-25 19:07:33+00:00
370,pemangkat,1.1667,108.9667,27.71,80,100,4.98,ID,2024-10-25 19:07:00+00:00
371,mungeli,22.0667,81.6833,21.12,82,100,2.69,IN,2024-10-25 19:07:00+00:00
372,kapuskasing,49.4169,-82.4331,6.05,93,100,7.2,CA,2024-10-25 19:06:11+00:00
373,wenatchee,47.4235,-120.3103,9.92,59,0,2.06,US,2024-10-25 19:03:58+00:00
374,alijo,41.2845,-7.4855,7.94,74,6,2.02,PT,2024-10-25 19:07:38+00:00
375,zeya,53.75,127.2667,-7.6,90,5,1.57,RU,2024-10-25 19:04:36+00:00
376,karasuk,53.7377,78.0403,7.73,68,100,3.22,RU,2024-10-25 19:07:41+00:00
377,brokopondo,4.75,-55.1667,33.71,47,47,2.49,SR,2024-10-25 19:07:42+00:00
378,seaside,36.6111,-121.8516,22.71,67,0,2.57,US,2024-10-25 19:07:43+00:00
379,holualoa,19.6228,-155.9522,26.02,75,0,0.0,US,2024-10-25 19:05:46+00:00
380,mineiros,-17.5694,-52.5511,23.29,80,100,4.01,BR,2024-10-25 19:06:35+00:00
381,masterton,-40.9597,175.6575,16.51,71,100,4.24,NZ,2024-10-25 19:07:46+00:00
382,xilin hot,43.9667,116.0333,8.33,76,100,3.12,CN,2024-10-25 19:07:47+00:00
383,bamboo flat,11.7,92.7167,26.66,81,86,3.89,IN,2024-10-25 19:07:49+00:00
384,peace river,56.2501,-117.286,4.32,51,48,2.12,CA,2024-10-25 19:07:50+00:00
385,powell,40.1578,-83.0752,20.92,57,85,1.34,US,2024-10-25 19:04:22+00:00
386,barguzin,53.6167,109.6167,-4.95,62,82,1.82,RU,2024-10-25 19:07:52+00:00
387,chui,-33.6971,-53.4616,19.92,81,100,3.51,UY,2024-10-25 19:07:53+00:00
388,alotau,-10.3069,150.4462,24.09,94,98,0.42,PG,2024-10-25 19:07:54+00:00
389,katsuura,35.1333,140.3,21.51,75,100,6.39,JP,2024-10-25 19:07:55+00:00
390,canmore,51.0834,-115.3521,4.66,47,66,1.65,CA,2024-10-25 19:07:57+00:00
391,natal,-5.795,-35.2094,29.36,58,40,7.72,BR,2024-10-25 19:00:06+00:00
392,zhanaozen,43.3,52.8,9.05,69,87,2.83,KZ,2024-10-25 19:07:59+00:00
393,kingston,17.997,-76.7936,28.98,86,61,0.14,JM,2024-10-25 19:08:00+00:00
394,belmonte,-15.8631,-38.8828,26.3,74,100,5.63,BR,2024-10-25 19:08:02+00:00
395,kelo,9.3086,15.8066,25.49,51,100,2.16,TD,2024-10-25 19:08:04+00:00
396,masvingo,-20.0637,30.8277,25.7,42,0,4.34,ZW,2024-10-25 19:08:05+00:00
397,soio,-6.1349,12.3689,25.14,86,94,4.44,AO,2024-10-25 19:08:06+00:00
398,reggane,26.7158,0.1714,26.81,29,0,4.2,DZ,2024-10-25 19:08:07+00:00
399,bikenibeu village,1.3673,173.1241,27.98,83,75,1.54,KI,2024-10-25 19:08:08+00:00
400,spanish fort,30.6749,-87.9153,31.85,46,20,2.57,US,2024-10-25 19:08:09+00:00
401,crane,31.3974,-102.3501,24.67,30,3,4.39,US,2024-10-25 19:08:10+00:00
402,manadhoo,5.7667,73.3833,27.61,83,100,5.83,MV,2024-10-25 19:08:11+00:00
403,tabas,33.5959,56.9244,15.42,39,0,3.3,IR,2024-10-25 19:08:14+00:00
404,nyagan,62.1406,65.3936,1.52,94,100,1.56,RU,2024-10-25 19:06:38+00:00
405,sretensk,52.2453,117.7093,-12.63,97,41,0.6,RU,2024-10-25 19:08:17+00:00
406,hammerfest,70.6634,23.6821,5.25,81,40,19.55,NO,2024-10-25 19:08:18+00:00
407,riosucio,5.4216,-75.7032,28.02,58,35,1.34,CO,2024-10-25 19:08:20+00:00
408,progreso,21.2833,-89.6667,28.8,61,57,5.2,MX,2024-10-25 19:04:44+00:00
409,imbituba,-28.24,-48.6703,21.39,73,0,4.16,BR,2024-10-25 19:04:07+00:00
410,frolovo,49.7713,43.6622,4.25,76,11,4.06,RU,2024-10-25 19:08:23+00:00
411,rio grande,-32.035,-52.0986,22.26,64,0,2.26,BR,2024-10-25 19:08:24+00:00
412,richards bay,-28.783,32.0377,20.02,91,100,5.25,ZA,2024-10-25 19:08:25+00:00
413,aldinga beach,-35.2793,138.4604,15.37,73,13,3.93,AU,2024-10-25 19:08:26+00:00
414,santa cruz,-17.8,-63.1667,33.19,42,100,5.99,BO,2024-10-25 19:06:47+00:00
415,okhotsk,59.3833,143.3,-5.08,93,100,5.23,RU,2024-10-25 19:08:29+00:00
416,vizinga,61.0749,50.1031,2.65,81,100,2.38,RU,2024-10-25 19:08:30+00:00
417,khandyga,62.6667,135.6,-10.28,95,100,2.22,RU,2024-10-25 19:08:31+00:00
418,langfang,39.5097,116.6947,13.24,65,25,1.18,CN,2024-10-25 19:08:32+00:00
419,batroun,34.2553,35.6581,20.5,38,0,2.7,LB,2024-10-25 19:07:17+00:00
420,pacific grove,36.6177,-121.9166,22.43,79,0,3.13,US,2024-10-25 19:08:34+00:00
421,san pedro pochutla,15.7333,-96.4667,32.62,65,0,2.76,MX,2024-10-25 19:08:36+00:00
422,tezu,27.9167,96.1667,19.14,96,100,1.38,IN,2024-10-25 19:08:37+00:00
423,taltal,-25.4,-70.4833,18.04,65,23,2.8,CL,2024-10-25 19:08:38+00:00
424,nova vicosa,-17.8919,-39.3719,27.52,70,72,7.01,BR,2024-10-25 19:08:39+00:00
425,katsuren-haebaru,26.3369,127.8719,27.21,69,40,5.66,JP,2024-10-25 19:08:40+00:00
426,hotan,37.0997,79.9269,12.82,27,14,1.99,CN,2024-10-25 19:08:41+00:00
427,al jawf,29.5,38.75,16.54,46,0,6.75,SA,2024-10-25 19:08:42+00:00
428,nahavand,34.1885,48.377,6.82,31,0,1.06,IR,2024-10-25 19:08:43+00:00
429,grand gaube,-20.0064,57.6608,24.1,88,89,3.13,MU,2024-10-25 19:08:45+00:00
430,yanji,42.9075,129.5078,8.01,83,99,1.02,CN,2024-10-25 19:08:46+00:00
431,port douglas,-16.4833,145.4667,23.89,83,66,2.97,AU,2024-10-25 19:08:47+00:00
432,dilling,12.05,29.65,26.21,24,13,2.1,SD,2024-10-25 19:08:48+00:00
433,lorengau,-2.0226,147.2712,27.22,80,100,0.69,PG,2024-10-25 19:08:49+00:00
434,shenjiamen,29.9576,122.298,22.9,94,100,7.58,CN,2024-10-25 19:05:13+00:00
435,ivanava,52.1451,25.5365,5.87,77,0,1.42,BY,2024-10-25 19:08:51+00:00
436,sungai raya,0.7,108.9,27.01,83,100,2.95,ID,2024-10-25 19:08:53+00:00
437,geraldton,-28.7667,114.6,16.23,82,100,5.14,AU,2024-10-25 19:08:54+00:00
438,angaur state,6.906,134.13,28.58,73,100,11.28,PW,2024-10-25 19:08:55+00:00
439,pangoa,-12.1167,-73.0,25.62,92,100,1.08,PE,2024-10-25 19:08:56+00:00
440,xi'an,34.2583,108.9286,17.39,43,22,5.36,CN,2024-10-25 19:07:02+00:00
441,sanctuary point,-35.1114,150.629,6.49,63,4,4.29,AU,2024-10-25 19:08:58+00:00
442,nadi,-17.8,177.4167,26.0,78,20,1.03,FJ,2024-10-25 19:08:59+00:00
443,wotho,10.1657,166.0102,28.63,77,99,7.4,MH,2024-10-25 19:09:01+00:00
444,buraydah,26.326,43.975,17.25,44,100,5.31,SA,2024-10-25 19:09:02+00:00
445,port lincoln,-34.7333,135.8667,14.89,82,100,5.65,AU,2024-10-25 19:09:03+00:00
446,saraqib,35.8645,36.8059,16.89,21,12,2.16,SY,2024-10-25 19:09:04+00:00
447,aripuana,-9.1667,-60.6333,35.57,37,97,1.27,BR,2024-10-25 19:09:05+00:00
448,kaohsiung,22.6163,120.3133,26.69,93,64,1.82,TW,2024-10-25 19:09:06+00:00
449,sechura,-5.5569,-80.8222,25.22,56,32,6.77,PE,2024-10-25 19:09:07+00:00
450,wanning,18.8003,110.3967,24.2,59,100,7.13,CN,2024-10-25 19:09:10+00:00
451,lubang,13.8584,120.124,28.72,74,100,9.44,PH,2024-10-25 19:09:11+00:00
452,sogndal,61.2283,7.1003,9.21,81,75,0.0,NO,2024-10-25 19:09:13+00:00
453,joao camara,-5.5375,-35.8197,28.85,45,100,7.01,BR,2024-10-25 19:09:14+00:00
454,baddomalhi,31.9928,74.6683,23.1,33,0,3.35,PK,2024-10-25 19:09:15+00:00
455,tukrah,32.5341,20.5791,21.02,62,2,6.92,LY,2024-10-25 19:09:16+00:00
456,caluula,11.9661,50.7569,27.95,75,94,7.06,SO,2024-10-25 19:09:17+00:00
457,asaita,11.5636,41.4394,31.1,52,43,6.03,ET,2024-10-25 19:09:18+00:00
458,taveta,-3.3963,37.6736,24.37,72,69,4.97,KE,2024-10-25 19:09:19+00:00
459,la passe,45.5549,-0.8967,13.47,91,100,2.62,FR,2024-10-25 19:09:21+00:00
460,safotu,-13.4513,-172.4018,27.63,87,65,9.84,WS,2024-10-25 19:09:22+00:00
461,smithers,54.7804,-127.1743,3.26,73,95,1.31,CA,2024-10-25 19:09:23+00:00
462,arno,60.1167,18.6333,9.46,75,66,4.43,SE,2024-10-25 19:09:24+00:00
463,tura,25.5198,90.2201,23.05,82,100,1.6,IN,2024-10-25 19:09:25+00:00
464,funafuti,-8.5243,179.1942,28.45,76,6,7.25,TV,2024-10-25 19:09:27+00:00
465,nuku'alofa,-21.1333,-175.2,23.86,78,94,8.49,TO,2024-10-25 19:09:29+00:00
466,balikpapan,-1.2675,116.8289,25.55,83,20,2.57,ID,2024-10-25 19:09:30+00:00
467,colonia,50.9333,6.95,16.13,86,0,2.57,DE,2024-10-25 19:09:31+00:00
468,forster,-32.1667,152.5167,11.32,95,84,4.38,AU,2024-10-25 19:09:32+00:00
469,greenland,43.0362,-70.8328,16.65,46,0,2.06,US,2024-10-25 19:09:33+00:00
470,fort frances,48.5999,-93.4003,11.12,52,0,7.2,CA,2024-10-25 19:09:34+00:00
471,galveston,29.3669,-94.9669,31.12,68,0,4.12,US,2024-10-25 19:07:53+00:00
472,agaro,7.85,36.65,16.86,94,66,1.22,ET,2024-10-25 19:09:37+00:00
473,summerside,46.3959,-63.7876,8.28,68,100,12.14,CA,2024-10-25 19:09:38+00:00
474,macae,-22.3708,-41.7869,31.04,63,99,1.01,BR,2024-10-25 19:09:39+00:00
475,ingleside,27.8778,-97.2117,30.55,67,1,2.68,US,2024-10-25 19:09:41+00:00
476,prabuty,53.755,19.2055,7.2,84,7,4.51,PL,2024-10-25 19:09:42+00:00
477,eduardo castex,-35.915,-64.2945,19.76,27,6,8.82,AR,2024-10-25 19:09:43+00:00
478,visby,57.6409,18.296,10.02,100,40,4.12,SE,2024-10-25 19:09:45+00:00
479,winton,37.3894,-120.6133,22.73,42,0,1.54,US,2024-10-25 19:09:46+00:00
480,sadjoavato,-12.6334,49.349,22.97,84,8,3.2,MG,2024-10-25 19:09:47+00:00
481,coahuayana de hidalgo,18.7,-103.6583,32.54,59,1,2.72,MX,2024-10-25 19:09:48+00:00
482,puri,19.8,85.85,24.97,84,89,8.15,IN,2024-10-25 19:09:49+00:00
483,at taj,24.2049,23.2857,18.94,39,0,4.55,LY,2024-10-25 19:09:50+00:00
484,ballina,-28.8667,153.5667,16.99,79,96,4.06,AU,2024-10-25 19:09:51+00:00
485,tofol,5.3248,163.0078,28.83,64,17,3.77,FM,2024-10-25 19:08:27+00:00
486,antsiranana,-12.2787,49.2917,24.73,82,3,6.09,MG,2024-10-25 19:09:55+00:00
487,malvan,16.0667,73.4667,26.25,80,7,1.96,IN,2024-10-25 19:09:56+00:00
488,sarupathar,26.1984,93.8094,20.22,98,100,1.42,IN,2024-10-25 19:09:57+00:00
489,sesheke,-17.4759,24.2968,29.2,14,1,1.78,ZM,2024-10-25 19:09:59+00:00
490,aldan,58.6031,125.3894,-10.08,96,100,2.37,RU,2024-10-25 19:10:01+00:00
491,corbeni,45.3,24.65,7.72,77,0,1.52,RO,2024-10-25 19:10:02+00:00
492,marka,1.7159,44.7717,25.68,85,99,4.94,SO,2024-10-25 19:10:03+00:00
493,zinjibar,13.1287,45.3807,29.39,72,95,6.85,YE,2024-10-25 19:10:04+00:00
494,margate,51.3813,1.3862,14.27,86,99,2.7,GB,2024-10-25 19:10:04+00:00
495,ash shafa,21.0694,40.3119,16.72,69,14,0.96,SA,2024-10-25 19:10:06+00:00
496,karoi,-16.8099,29.6925,24.3,42,48,2.04,ZW,2024-10-25 19:05:31+00:00
497,bardai,11.65,7.2333,25.18,29,100,1.97,NG,2024-10-25 19:10:09+00:00
498,saint-louis,16.3333,-15.0,35.57,24,10,3.98,SN,2024-10-25 19:10:10+00:00
499,happy valley-goose bay,53.3168,-60.3315,3.4,58,100,2.58,CA,2024-10-25 19:10:11+00:00
500,ruidoso,33.3317,-105.673,16.08,29,0,2.57,US,2024-10-25 19:10:12+00:00
501,vennesla,58.2694,7.9741,9.68,97,75,1.54,NO,2024-10-25 19:10:13+00:00
502,laramie,41.3114,-105.5911,17.21,23,0,8.23,US,2024-10-25 19:10:14+00:00
503,chengdu,30.6667,104.0667,19.92,75,100,3.1,CN,2024-10-25 19:10:16+00:00
504,mahibadhoo,3.7833,72.9667,28.29,73,100,6.7,MV,2024-10-25 19:10:17+00:00
505,nelson,-41.2833,173.2833,15.72,97,100,2.68,NZ,2024-10-25 19:10:18+00:00
506,chinchilla,-26.75,150.6333,13.09,35,31,2.06,AU,2024-10-25 19:10:19+00:00
507,olinda,-8.0089,-34.8553,27.85,65,20,4.12,BR,2024-10-25 19:10:20+00:00
508,guerrero negro,27.9769,-114.0611,23.93,47,6,5.36,MX,2024-10-25 19:09:48+00:00
509,briviesca,42.5499,-3.3232,8.65,77,100,0.91,ES,2024-10-25 19:10:22+00:00
510,sanya,18.2431,109.505,23.02,68,100,2.46,CN,2024-10-25 19:10:24+00:00
511,kismayo,-0.3582,42.5454,25.77,87,100,5.05,SO,2024-10-25 19:10:25+00:00
512,ingeniero jacobacci,-41.3427,-69.5448,17.37,17,54,11.69,AR,2024-10-25 19:10:26+00:00
513,st. john's,47.5649,-52.7093,16.98,99,100,9.26,CA,2024-10-25 19:08:49+00:00
514,minas de marcona,-15.2119,-75.1103,19.48,55,4,8.49,PE,2024-10-25 19:10:28+00:00
515,otofuke,42.9917,143.2003,6.58,64,6,3.11,JP,2024-10-25 19:10:26+00:00
516,alvorada,-12.48,-49.1247,35.86,32,76,2.15,BR,2024-10-25 19:10:31+00:00
517,jerada,34.31,-2.16,18.2,52,61,2.99,MA,2024-10-25 19:06:40+00:00
518,san patricio,28.017,-97.5169,31.97,43,0,5.21,US,2024-10-25 19:10:33+00:00
519,sitka,57.0531,-135.33,7.94,61,0,4.63,US,2024-10-25 19:10:34+00:00
520,mar del plata,-38.0023,-57.5575,13.82,78,75,7.72,AR,2024-10-25 19:10:00+00:00
521,estes park,40.3772,-105.5217,15.69,29,2,3.13,US,2024-10-25 19:10:37+00:00
522,hami,42.8,93.45,10.41,41,0,0.75,CN,2024-10-25 19:10:39+00:00
523,wewak,-3.5534,143.6268,24.84,91,100,2.63,PG,2024-10-25 19:10:40+00:00
524,alaghsas,17.0187,8.0168,30.45,13,100,4.87,NE,2024-10-25 19:10:41+00:00
525,qingquan,30.4511,115.2559,17.79,66,100,2.89,CN,2024-10-25 19:10:42+00:00
526,shortandy,51.7006,70.9994,5.5,75,100,2.33,KZ,2024-10-25 19:10:43+00:00
527,bel ombre,-4.6167,55.4167,25.91,83,20,1.03,SC,2024-10-25 19:10:44+00:00
528,aleysk,52.4926,82.7822,8.7,80,100,6.95,RU,2024-10-25 19:07:32+00:00
529,nikolayevsk-on-amure,53.1406,140.73,-2.09,79,11,6.25,RU,2024-10-25 19:10:47+00:00
530,kagoshima,31.5602,130.5581,21.12,95,100,5.49,JP,2024-10-25 19:10:48+00:00
531,rongelap,11.1635,166.8941,28.63,77,71,6.93,MH,2024-10-25 19:10:49+00:00
532,cam ranh,11.9214,109.1591,25.98,83,40,0.51,VN,2024-10-25 19:10:50+00:00
533,mili,6.0815,171.735,27.96,76,11,2.69,MH,2024-10-25 19:10:51+00:00
534,mejit,10.2753,170.8646,27.02,81,100,5.17,MH,2024-10-25 19:09:18+00:00
535,boguchany,58.3814,97.4531,2.22,99,100,1.84,RU,2024-10-25 19:10:53+00:00
536,muravlenko,63.7898,74.523,0.75,99,100,2.88,RU,2024-10-25 19:10:55+00:00
537,saint-philippe,-21.3585,55.7679,23.05,89,100,6.54,RE,2024-10-25 19:10:56+00:00
538,palmares do sul,-30.2578,-50.5097,23.94,60,0,4.82,BR,2024-10-25 19:06:44+00:00
539,ma'rib,15.4591,45.3253,27.73,32,31,2.45,YE,2024-10-25 19:10:58+00:00
540,daru,-9.0763,143.2092,24.88,86,100,2.58,PG,2024-10-25 19:10:59+00:00
541,nagqu,31.5,92.0,-2.65,37,0,2.35,CN,2024-10-25 19:11:00+00:00
542,miyazaki,31.9111,131.4239,20.4,98,100,4.48,JP,2024-10-25 19:11:01+00:00
543,namsos,64.4662,11.4957,6.95,93,75,1.54,NO,2024-10-25 19:11:03+00:00
544,la rioja,42.25,-2.5,6.88,89,100,1.36,ES,2024-10-25 19:11:04+00:00
545,petropavlovka,50.6114,105.3196,-1.67,85,7,0.53,RU,2024-10-25 19:11:05+00:00
546,sainte-rose,16.3324,-61.6979,31.02,70,20,5.66,GP,2024-10-25 19:11:06+00:00
547,luderitz,-26.6481,15.1594,15.86,64,100,9.7,NA,2024-10-25 19:11:07+00:00
548,eastham,41.8301,-69.9739,13.39,67,0,1.34,US,2024-10-25 19:11:08+00:00
549,padang,-0.9492,100.3543,22.03,87,99,1.96,ID,2024-10-25 19:10:05+00:00
550,iskateley,67.6803,53.1512,-0.55,76,17,2.44,RU,2024-10-25 19:11:11+00:00
551,shengli,37.4564,118.4856,13.75,76,24,2.01,CN,2024-10-25 19:11:12+00:00
552,la'ie,21.6477,-157.9253,29.98,79,60,2.68,US,2024-10-25 19:11:13+00:00
553,ilomantsi,62.6716,30.9328,7.5,93,100,3.87,FI,2024-10-25 19:11:14+00:00
554,kruisfontein,-34.0033,24.7314,13.24,78,4,3.99,ZA,2024-10-25 19:11:15+00:00
555,achinsk,56.2694,90.4993,6.47,89,100,6.7,RU,2024-10-25 19:11:16+00:00
556,namdrik,5.5994,168.1028,28.83,69,3,4.39,MH,2024-10-25 19:11:18+00:00
557,fuman,37.2273,49.3142,14.04,63,44,1.75,IR,2024-10-25 19:11:19+00:00
558,kavieng,-2.5744,150.7967,28.22,77,100,6.34,PG,2024-10-25 19:11:20+00:00
559,jorpeland,59.0225,6.0408,11.73,95,96,1.04,NO,2024-10-25 19:11:21+00:00
560,faro,37.0194,-7.9322,16.88,51,20,7.2,PT,2024-10-25 19:11:22+00:00
561,turpan,42.9333,89.1667,14.24,42,0,1.11,CN,2024-10-25 19:11:23+00:00
562,cidreira,-30.1811,-50.2056,23.77,60,0,4.45,BR,2024-10-25 19:11:25+00:00
563,alvaraes,-3.2208,-64.8042,34.93,33,85,2.3,BR,2024-10-25 19:11:26+00:00
564,antofagasta,-23.65,-70.4,17.6,76,26,3.6,CL,2024-10-25 19:04:53+00:00
565,ruteng,-8.6136,120.4721,17.74,59,6,0.51,ID,2024-10-25 19:11:28+00:00
566,gamba,-2.65,10.0,24.71,87,100,2.51,GA,2024-10-25 19:11:29+00:00
567,hirara,24.8,125.2833,27.9,80,100,9.96,JP,2024-10-25 19:11:30+00:00
568,kerman,30.2832,57.0788,17.81,33,4,3.62,IR,2024-10-25 19:11:33+00:00
569,'alaqahdari dishu,30.4374,63.313,26.92,27,0,4.63,AF,2024-10-25 19:11:34+00:00
570,yung shue wan,22.2333,114.1167,26.46,60,100,0.45,HK,2024-10-25 19:11:35+00:00
571,obala,4.1667,11.5333,21.96,97,100,1.34,CM,2024-10-25 19:11:36+00:00
